strategy,scenario,coverage_share,orders_contacted,observed_low_reviews_in_segment,low_reviews_captured_share,segment_low_review_rate,lift_vs_baseline,cost_per_contact_brl,assumed_intervention_effectiveness,value_per_successful_recovery_brl,expected_successful_recoveries,intervention_cost_brl,expected_benefit_brl,expected_net_value_brl,expected_roi,random_selection_expected_net_value_brl,incremental_net_value_vs_random_brl,break_even_effectiveness
purchase_time,conservative,0.01,525,255,0.036288601110004266,0.4857142857142857,3.626648234361341,3.75,0.0975,56.25,24.8625,1968.75,1398.515625,-570.234375,-0.28964285714285715,-1583.127922912537,1012.8935479125371,0.13725490196078433
purchase_time,conservative,0.02,1050,447,0.06361178312224278,0.4257142857142857,3.178650511293175,3.75,0.0975,56.25,43.5825,3937.5,2451.515625,-1485.984375,-0.37739285714285714,-3166.255845825074,1680.2714708250742,0.15659955257270694
purchase_time,conservative,0.05,2624,945,0.1344812864664864,0.3601371951219512,2.689010723446497,3.75,0.0975,56.25,92.1375,9840.0,5182.734375,-4657.265625,-0.47329935213414637,-7912.624132804756,3255.3585078047563,0.18511463844797177
purchase_time,conservative,0.1,5247,1542,0.21943930553579052,0.2938822184105203,2.194309411635574,3.75,0.0975,56.25,150.345,19676.25,8456.90625,-11219.34375,-0.5701972555746141,-15822.232783851585,4602.889033851585,0.22684824902723735
purchase_time,conservative,0.2,10494,2516,0.3580475309520421,0.23975605107680578,1.7901694162370634,3.75,0.0975,56.25,245.31,39352.5,13798.6875,-25553.8125,-0.6493567753001716,-31644.46556770317,6090.65306770317,0.278060413354531
purchase_time,conservative,0.3,15741,3344,0.4758787533798207,0.2124388539482879,1.5862020476673928,3.75,0.0975,56.25,326.04,59028.75,18339.75,-40689.0,-0.6893081761006289,-47466.698351554754,6777.6983515547545,0.3138157894736842
purchase_time,conservative,0.5,26234,4651,0.6618756225985485,0.1772890142563086,1.3237512451970967,3.75,0.0975,56.25,453.4725,98377.5,25507.828125,-72869.671875,-0.7407148166501487,-79108.1484375,6238.4765625,0.37603382785064143
purchase_time,conservative,1.0,52468,7027,1.0,0.13392925211557521,1.0,3.75,0.0975,56.25,685.1325,196755.0,38538.703125,-158216.296875,-0.8041284687809712,-158216.296875,0.0,0.4977752478535174
purchase_time,base,0.01,525,255,0.036288601110004266,0.4857142857142857,3.626648234361341,3.0,0.15,75.0,38.25,1575.0,2868.75,1293.75,0.8214285714285714,-783.980354692384,2077.730354692384,0.08235294117647059
purchase_time,base,0.02,1050,447,0.06361178312224278,0.4257142857142857,3.178650511293175,3.0,0.15,75.0,67.05,3150.0,5028.75,1878.75,0.5964285714285714,-1567.960709384768,3446.710709384768,0.09395973154362416
purchase_time,base,0.05,2624,945,0.1344812864664864,0.3601371951219512,2.689010723446497,3.0,0.15,75.0,141.75,7872.0,10631.25,2759.25,0.3505144817073171,-3918.4084775482197,6677.65847754822,0.11106878306878307
purchase_time,base,0.1,5247,1542,0.21943930553579052,0.2938822184105203,2.194309411635574,3.0,0.15,75.0,231.29999999999998,15741.0,17347.5,1606.5,0.10205831903945112,-7835.32365918274,9441.82365918274,0.1361089494163424
purchase_time,base,0.2,10494,2516,0.3580475309520421,0.23975605107680578,1.7901694162370634,3.0,0.15,75.0,377.4,31482.0,28305.0,-3177.0,-0.10091480846197827,-15670.64731836548,12493.64731836548,0.1668362480127186
purchase_time,base,0.3,15741,3344,0.4758787533798207,0.2124388539482879,1.5862020476673928,3.0,0.15,75.0,501.59999999999997,47223.0,37620.0,-9603.0,-0.20335429769392033,-23505.97097754822,13902.970977548219,0.18828947368421053
purchase_time,base,0.5,26234,4651,0.6618756225985485,0.1772890142563086,1.3237512451970967,3.0,0.15,75.0,697.65,78702.0,52323.75,-26378.25,-0.3351661965388427,-39175.125,12796.875,0.22562029671038486
purchase_time,base,1.0,52468,7027,1.0,0.13392925211557521,1.0,3.0,0.15,75.0,1054.05,157404.0,79053.75,-78350.25,-0.49776530456659296,-78350.25,0.0,0.2986651487121104
purchase_time,optimistic,0.01,525,255,0.036288601110004266,0.4857142857142857,3.626648234361341,2.4000000000000004,0.2025,93.75,51.6375,1260.0000000000002,4841.015625,3581.015625,2.8420758928571423,74.8456514566019,3506.169973543398,0.052705882352941186
purchase_time,optimistic,0.02,1050,447,0.06361178312224278,0.4257142857142857,3.178650511293175,2.4000000000000004,0.2025,93.75,90.51750000000001,2520.0000000000005,8486.015625000002,5966.015625000002,2.3674665178571432,149.6913029132038,5816.324322086798,0.060134228187919476
purchase_time,optimistic,0.05,2624,945,0.1344812864664864,0.3601371951219512,2.689010723446497,2.4000000000000004,0.2025,93.75,191.3625,6297.600000000001,17940.234375,11642.634374999998,1.8487414848513712,374.0856941373786,11268.54868086262,0.07108402116402118
purchase_time,optimistic,0.1,5247,1542,0.21943930553579052,0.2938822184105203,2.194309411635574,2.4000000000000004,0.2025,93.75,312.255,12592.800000000001,29273.90625,16681.106249999997,1.324654266723842,748.0288251291258,15933.077424870871,0.08710972762645915
purchase_time,optimistic,0.2,10494,2516,0.3580475309520421,0.23975605107680578,1.7901694162370634,2.4000000000000004,0.2025,93.75,509.49,25185.600000000002,47764.6875,22579.087499999998,0.8965078259005144,1496.0576502582517,21083.029849741746,0.10677519872813991
purchase_time,optimistic,0.3,15741,3344,0.4758787533798207,0.2124388539482879,1.5862020476673928,2.4000000000000004,0.2025,93.75,677.1600000000001,37778.40000000001,63483.75000000001,25705.35,0.6804245283018866,2244.0864753873757,23461.263524612623,0.12050526315789477
purchase_time,optimistic,0.5,26234,4651,0.6618756225985485,0.1772890142563086,1.3237512451970967,2.4000000000000004,0.2025,93.75,941.8275000000001,62961.600000000006,88296.32812500001,25334.72812500001,0.4023838041758787,3740.0015625000087,21594.7265625,0.14439698989464633
purchase_time,optimistic,1.0,52468,7027,1.0,0.13392925211557521,1.0,2.4000000000000004,0.2025,93.75,1422.9675000000002,125923.20000000001,133403.20312500003,7480.0031250000175,0.05940131067984308,7480.0031250000175,0.0,0.1911456951757507
post_delivery,conservative,0.01,525,378,0.053792514586594564,0.72,5.375972676817987,15.0,0.22749999999999998,56.25,85.99499999999999,7875.0,4837.218749999999,-3037.781250000001,-0.3857500000000001,-6975.215153462586,3937.4339034625855,0.37037037037037035
post_delivery,conservative,0.02,1050,752,0.10701579621460082,0.7161904761904762,5.347528376940644,15.0,0.22749999999999998,56.25,171.07999999999998,15750.0,9623.25,-6126.75,-0.389,-13950.430306925173,7823.680306925173,0.3723404255319149
post_delivery,conservative,0.05,2624,1777,0.2528817418528533,0.6772103658536586,5.056478365676641,15.0,0.22749999999999998,56.25,404.2675,39360.0,22740.046875,-16619.953125,-0.42225490663109755,-34862.7896432111,18242.8365182111,0.3937722753704746
post_delivery,conservative,0.1,5247,2927,0.41653621744699015,0.5578425767105012,4.165203403279717,15.0,0.22749999999999998,56.25,665.8924999999999,78705.0,37456.45312499999,-41248.54687500001,-0.5240905517438538,-69712.29316232036,28463.746287320355,0.4780321147933037
post_delivery,conservative,0.2,10494,3973,0.5653906361178312,0.3785972936916333,2.826845425560355,15.0,0.22749999999999998,56.25,903.8575,157410.0,50841.984375,-106568.015625,-0.6770091838193253,-139424.58632464072,32856.570699640724,0.7043543921469922
post_delivery,conservative,0.3,15741,4565,0.6496371139889,0.29000698812019565,2.165374505861737,15.0,0.22749999999999998,56.25,1038.5375,236115.0,58417.73437499999,-177697.265625,-0.7525877882599581,-209136.87948696112,31439.613861961116,0.9195180722891566
post_delivery,conservative,0.5,26234,5497,0.7822683933399743,0.20953724174735078,1.5645367866799487,15.0,0.22749999999999998,56.25,1250.5674999999999,393510.0,70344.421875,-323165.578125,-0.8212385406342914,-348548.1796875,25382.6015625,1.2726456855254382
post_delivery,conservative,1.0,52468,7027,1.0,0.13392925211557521,1.0,15.0,0.22749999999999998,56.25,1598.6425,787020.0,89923.640625,-697096.359375,-0.8857416067888999,-697096.359375,0.0,1.9911009914140696
post_delivery,base,0.01,525,378,0.053792514586594564,0.72,5.375972676817987,12.0,0.35,75.0,132.29999999999998,6300.0,9922.499999999998,3622.499999999998,0.5749999999999997,-4454.287494282229,8076.787494282227,0.2222222222222222
post_delivery,base,0.02,1050,752,0.10701579621460082,0.7161904761904762,5.347528376940644,12.0,0.35,75.0,263.2,12600.0,19740.0,7140.0,0.5666666666666667,-8908.574988564458,16048.574988564458,0.22340425531914893
post_delivery,base,0.05,2624,1777,0.2528817418528533,0.6772103658536586,5.056478365676641,12.0,0.35,75.0,621.9499999999999,31488.0,46646.24999999999,15158.249999999993,0.4813976753048778,-22262.953114279182,37421.203114279175,0.23626336522228475
post_delivery,base,0.1,5247,2927,0.41653621744699015,0.5578425767105012,4.165203403279717,12.0,0.35,75.0,1024.45,62964.0,76833.75,13869.75,0.22028063655422145,-44517.42187142639,58387.17187142639,0.28681926887598225
post_delivery,base,0.2,10494,3973,0.5653906361178312,0.3785972936916333,2.826845425560355,12.0,0.35,75.0,1390.55,125928.0,104291.25,-21636.75,-0.1718184200495521,-89034.84374285278,67398.09374285278,0.4226126352881953
post_delivery,base,0.3,15741,4565,0.6496371139889,0.29000698812019565,2.165374505861737,12.0,0.35,75.0,1597.75,188892.0,119831.25,-69060.75,-0.365609713487072,-133552.2656142792,64491.5156142792,0.551710843373494
post_delivery,base,0.5,26234,5497,0.7822683933399743,0.20953724174735078,1.5645367866799487,12.0,0.35,75.0,1923.9499999999998,314808.0,144296.25,-170511.75,-0.5416372836776702,-222578.625,52066.875,0.7635874113152629
post_delivery,base,1.0,52468,7027,1.0,0.13392925211557521,1.0,12.0,0.35,75.0,2459.45,629616.0,184458.75,-445157.25,-0.7070297609971792,-445157.25,0.0,1.1946605948484417
post_delivery,optimistic,0.01,525,378,0.053792514586594564,0.72,5.375972676817987,9.600000000000001,0.4725,93.75,178.605,5040.000000000001,16744.21875,11704.21875,2.3222656249999996,-1925.3601466012624,13629.578896601262,0.14222222222222225
post_delivery,optimistic,0.02,1050,752,0.10701579621460082,0.7161904761904762,5.347528376940644,9.600000000000001,0.4725,93.75,355.32,10080.000000000002,33311.25,23231.25,2.3046874999999996,-3850.7202932025248,27081.970293202525,0.14297872340425535
post_delivery,optimistic,0.05,2624,1777,0.2528817418528533,0.6772103658536586,5.056478365676641,9.600000000000001,0.4725,93.75,839.6324999999999,25190.400000000005,78715.546875,53525.14687499999,2.1248232213462264,-9623.13338034612,63148.28025534611,0.15120855374226227
post_delivery,optimistic,0.1,5247,2927,0.41653621744699015,0.5578425767105012,4.165203403279717,9.600000000000001,0.4725,93.75,1383.0075,50371.200000000004,129656.953125,79285.75312499999,1.5740294677315605,-19242.599408032038,98528.35253303203,0.18356433208062864
post_delivery,optimistic,0.2,10494,3973,0.5653906361178312,0.3785972936916333,2.826845425560355,9.600000000000001,0.4725,93.75,1877.2424999999998,100742.40000000001,175991.48437499997,75249.08437499996,0.7469455202079756,-38485.198816064076,113734.28319106404,0.27047208658444505
post_delivery,optimistic,0.3,15741,4565,0.6496371139889,0.29000698812019565,2.165374505861737,9.600000000000001,0.4725,93.75,2156.9625,151113.60000000003,202215.234375,51101.634374999965,0.33816701061320725,-57727.79822409614,108829.43259909611,0.3530949397590362
post_delivery,optimistic,0.5,26234,5497,0.7822683933399743,0.20953724174735078,1.5645367866799487,9.600000000000001,0.4725,93.75,2597.3325,251846.40000000002,243499.921875,-8346.478125000023,-0.033141145257585665,-96209.32968750002,87862.8515625,0.4886959432417683
post_delivery,optimistic,1.0,52468,7027,1.0,0.13392925211557521,1.0,9.600000000000001,0.4725,93.75,3320.2574999999997,503692.80000000005,311274.140625,-192418.65937500005,-0.382015902103425,-192418.65937500005,0.0,0.7645827807030028
