feature,coefficient,absolute_coefficient
cat__main_product_category_food_drink,-1.1779786067304032,1.1779786067304032
cat__main_product_category_fashion_male_clothing,1.081209021122951,1.081209021122951
cat__customer_state_infrequent_sklearn,-0.9929112728613647,0.9929112728613647
num__seller_prior_deliveries_mean,-0.7355240062551228,0.7355240062551228
cat__main_seller_state_MT,-0.7098042218775462,0.7098042218775462
cat__main_product_category_audio,0.7010438186501915,0.7010438186501915
cat__main_product_category_drinks,-0.6996832324549905,0.6996832324549905
cat__customer_state_AL,0.6536491095067634,0.6536491095067634
cat__main_product_category_luggage_accessories,-0.6482693728302921,0.6482693728302921
num__seller_prior_late_rate_mean,0.5366936461982407,0.5366936461982407
num__seller_prior_late_rate_max,-0.5317910955651983,0.5317910955651983
cat__customer_state_TO,-0.4920338688971332,0.4920338688971332
num__seller_prior_orders_max,0.45586983231998707,0.45586983231998707
cat__main_product_category_home_confort,0.4531199497924565,0.4531199497924565
cat__customer_state_SE,0.44157253534189217,0.44157253534189217
cat__main_seller_state_ES,0.4386508804692819,0.4386508804692819
cat__main_product_category_books_general_interest,-0.4359988779288188,0.4359988779288188
cat__main_seller_state_RS,-0.4055724021479796,0.4055724021479796
num__seller_prior_orders_mean,0.4001031599680715,0.4001031599680715
cat__customer_state_MA,0.39294198684996673,0.39294198684996673
cat__customer_state_AM,-0.3787230909017282,0.3787230909017282
cat__main_seller_state_DF,0.37485927376925426,0.37485927376925426
cat__main_product_category_unknown,0.3709048708970934,0.3709048708970934
cat__main_product_category_kitchen_dining_laundry_garden_furniture,-0.3684876626732768,0.3684876626732768
num__seller_prior_low_review_rate_max,0.36739640544285934,0.36739640544285934
cat__main_product_category_air_conditioning,0.36589091398174245,0.36589091398174245
cat__purchase_month_2016-10,0.3636493599548818,0.3636493599548818
cat__customer_state_AC,0.33491968871774463,0.33491968871774463
cat__customer_state_RJ,0.3333120220311136,0.3333120220311136
cat__purchase_month_2017-11,0.32949194417096317,0.32949194417096317
cat__main_product_category_office_furniture,0.3272651684422023,0.3272651684422023
cat__main_product_category_furniture_living_room,-0.3218430232655077,0.3218430232655077
cat__main_product_category_food,-0.31681287310107253,0.31681287310107253
cat__main_product_category_computers,0.3106007070655903,0.3106007070655903
cat__main_product_category_garden_tools,-0.30591605842407416,0.30591605842407416
cat__main_product_category_musical_instruments,0.2846017801633393,0.2846017801633393
cat__purchase_month_2017-08,-0.2787914788570307,0.2787914788570307
num__seller_prior_low_review_rate_mean,-0.2762225738462555,0.2762225738462555
cat__customer_state_BA,0.263110871174121,0.263110871174121
num__seller_prior_reviews_mean,-0.2553349630901155,0.2553349630901155
num__seller_prior_orders_min,0.25215567173485,0.25215567173485
cat__purchase_month_2017-07,-0.24689012097334112,0.24689012097334112
cat__main_seller_state_SP,0.23642369895810567,0.23642369895810567
cat__main_product_category_pet_shop,-0.2344889547008646,0.2344889547008646
num__item_count,0.22509618715508628,0.22509618715508628
cat__purchase_month_infrequent_sklearn,0.22474476299269305,0.22474476299269305
cat__purchase_month_2017-05,-0.2158140604980988,0.2158140604980988
cat__main_product_category_stationery,-0.2155508202000404,0.2155508202000404
cat__customer_state_PR,-0.21311366668125617,0.21311366668125617
cat__main_product_category_furniture_decor,0.2097924994130764,0.2097924994130764
cat__main_product_category_home_construction,0.20861928043784353,0.20861928043784353
cat__main_product_category_home_appliances_2,0.19975080743042462,0.19975080743042462
cat__main_product_category_bed_bath_table,0.19892378524661777,0.19892378524661777
cat__customer_state_RO,-0.19175744477162243,0.19175744477162243
cat__main_product_category_sports_leisure,-0.1897309551251062,0.1897309551251062
cat__main_product_category_consoles_games,-0.18355422810335031,0.18355422810335031
cat__purchase_month_2017-09,-0.17896298511934575,0.17896298511934575
cat__customer_state_PI,-0.17837457584120991,0.17837457584120991
cat__purchase_month_2017-12,0.17417413219741462,0.17417413219741462
cat__customer_state_MS,-0.17249292235299393,0.17249292235299393
cat__customer_state_MG,-0.1699814091282691,0.1699814091282691
cat__main_product_category_fashion_shoes,-0.16914763793405552,0.16914763793405552
cat__customer_state_PE,0.16905819084652968,0.16905819084652968
cat__primary_payment_type_credit_card,-0.1641860214815045,0.1641860214815045
cat__main_seller_state_BA,-0.1575220135754782,0.1575220135754782
cat__main_seller_state_infrequent_sklearn,0.15670816970047055,0.15670816970047055
cat__main_product_category_cool_stuff,-0.14449338886042928,0.14449338886042928
cat__main_product_category_computers_accessories,0.12994844321923096,0.12994844321923096
cat__main_product_category_auto,0.12157315199404807,0.12157315199404807
cat__primary_payment_type_debit_card,0.12115619425788995,0.12115619425788995
cat__main_seller_state_GO,-0.11847416425863132,0.11847416425863132
cat__customer_state_RS,-0.11357116067124745,0.11357116067124745
num__seller_count,0.11200304021925468,0.11200304021925468
cat__purchase_month_2017-04,0.10325105091347254,0.10325105091347254
cat__purchase_month_2017-06,-0.10169537429494317,0.10169537429494317
cat__main_product_category_fashion_underwear_beach,0.10056246155853167,0.10056246155853167
cat__main_product_category_electronics,0.10048863945068202,0.10048863945068202
cat__purchase_month_2017-10,-0.09814192751222013,0.09814192751222013
cat__main_product_category_telephony,0.09731952559824049,0.09731952559824049
cat__primary_payment_type_boleto,-0.08885926542339104,0.08885926542339104
cat__main_product_category_construction_tools_construction,-0.08869321629023151,0.08869321629023151
num__seller_prior_order_value_mean,-0.08710176732737976,0.08710176732737976
cat__customer_state_SP,-0.08697007372688628,0.08697007372688628
cat__main_product_category_fixed_telephony,0.08472452621779669,0.08472452621779669
cat__purchase_dayofweek_Sunday,-0.07560219598402036,0.07560219598402036
cat__customer_state_PA,0.07549301083298764,0.07549301083298764
cat__main_product_category_home_appliances,0.07530520394236563,0.07530520394236563
cat__main_product_category_baby,0.07452691671624094,0.07452691671624094
num__payment_total,-0.07434906477281376,0.07434906477281376
num__product_total,0.07360163845653833,0.07360163845653833
cat__purchase_month_2017-02,-0.07308694378888304,0.07308694378888304
cat__main_seller_state_MG,0.07303600379444042,0.07303600379444042
cat__customer_state_PB,0.07178455400406235,0.07178455400406235
num__seller_prior_avg_delivery_days_mean,0.06745061999590335,0.06745061999590335
num__avg_freight_ratio,0.0674259295264696,0.0674259295264696
cat__purchase_month_2017-03,-0.0643622373789024,0.0643622373789024
cat__main_product_category_small_appliances,0.06255374325226318,0.06255374325226318
cat__customer_state_MT,0.05728298120110897,0.05728298120110897
num__avg_customer_seller_distance_km,0.05710335758817032,0.05710335758817032
num__freight_share_of_payment,-0.05573697032835698,0.05573697032835698
num__avg_product_weight_g,0.0526964133049728,0.0526964133049728
cat__customer_state_DF,0.05230552728481924,0.05230552728481924
num__any_cross_state,0.05166385064061661,0.05166385064061661
cat__main_seller_state_RJ,-0.051571889497768454,0.051571889497768454
cat__main_product_category_infrequent_sklearn,0.05093457875447499,0.05093457875447499
cat__main_product_category_perfumery,-0.04433896272311245,0.04433896272311245
cat__main_product_category_costruction_tools_garden,-0.04398887575511615,0.04398887575511615
cat__main_seller_state_SC,0.04341598845674044,0.04341598845674044
num__max_payment_installments,0.043275987874574505,0.043275987874574505
cat__customer_state_GO,0.041786336895596826,0.041786336895596826
cat__main_product_category_watches_gifts,-0.04158148940129311,0.04158148940129311
cat__purchase_dayofweek_Tuesday,-0.03833617831725207,0.03833617831725207
num__product_count,0.037270260415428205,0.037270260415428205
cat__primary_payment_type_voucher,0.03573928327646474,0.03573928327646474
cat__purchase_month_2017-01,-0.03371593117720503,0.03371593117720503
cat__main_product_category_fashion_bags_accessories,-0.03299701752823542,0.03299701752823542
num__avg_item_price,0.032793616065300714,0.032793616065300714
cat__main_product_category_health_beauty,-0.030494155537408852,0.030494155537408852
cat__purchase_dayofweek_Monday,0.03041738424504035,0.03041738424504035
cat__customer_state_RN,0.02709516579433057,0.02709516579433057
cat__main_seller_state_PR,0.023700866838567043,0.023700866838567043
cat__purchase_dayofweek_Friday,0.02316474646495514,0.02316474646495514
num__freight_total,0.022058790741105963,0.022058790741105963
cat__purchase_dayofweek_Saturday,-0.01407980754221459,0.01407980754221459
cat__customer_state_ES,-0.011366023301537347,0.011366023301537347
cat__customer_state_SC,-0.01109945151759971,0.01109945151759971
cat__purchase_dayofweek_Wednesday,-0.010867013028685644,0.010867013028685644
cat__purchase_dayofweek_Thursday,-0.010846745208366107,0.010846745208366107
cat__main_product_category_toys,-0.010755721830826957,0.010755721830826957
num__estimated_delivery_days,0.006684245748251979,0.006684245748251979
cat__main_product_category_housewares,0.0054281271747551865,0.0054281271747551865
num__payment_count,0.004918198040024847,0.004918198040024847
cat__main_product_category_tablets_printing_image,-0.0037726755155859447,0.0037726755155859447
num__avg_product_volume_cm3,-0.0027259946568927167,0.0027259946568927167
num__new_seller_order,0.0026993905600736557,0.0026993905600736557
cat__main_product_category_market_place,-0.0026599229786144454,0.0026599229786144454
cat__customer_state_CE,0.0019331708012704427,0.0019331708012704427
num__product_category_count,0.00133227455495635,0.00133227455495635
num__payment_type_count,-0.0005741387503389184,0.0005741387503389184
