main_product_category,customer_state,orders,delivered_orders,reviewed_orders,low_review_orders,late_orders,gross_payment_volume,segment_family,segment,low_review_rate,late_rate,share_of_low_reviews,share_of_orders,expected_low_reviews_at_average,excess_low_reviews,priority_score,route_type,main_seller_state,delivery_delay_bucket
,,38623,37744,38296,6499,4088,6161020.45,seller_state_route,SP / cross_state,0.1697044077710466,0.1083086053412463,0.4471891557145806,0.38840116249836587,5640.4058658396925,858.5941341603075,111.73737331934424,cross_state,SP,
,,56175,56172,55874,5475,0,9747812.79,delay_route,on_or_before_estimate / cross_state,0.09798833088735369,0.0,0.3767288240555976,0.5649078347965125,8229.37218894733,-2754.372188947331,87.10283115203971,cross_state,,on_or_before_estimate
,,31319,30651,31105,3749,1912,4073331.26,seller_state_route,SP / same_state,0.1205272464234046,0.062379693974095464,0.25796463221633525,0.31495057370702223,4581.283279113841,-832.2832791138408,71.72487208080207,same_state,SP,
,,32474,32472,32294,2693,0,4322327.76,delay_route,on_or_before_estimate / same_state,0.08339010342478478,0.0,0.18530241519300902,0.3265655011514365,4756.404507818755,-2063.4045078187546,52.75083295235321,same_state,,on_or_before_estimate
,,1439,1438,1399,1099,1439,259172.49,delay_route,8_14_days_late / cross_state,0.7855611150822016,1.0006954102920724,0.07562100048166243,0.014470892287889302,206.05096632310764,892.9490336768923,51.72773612025667,cross_state,,8_14_days_late
,,1341,1341,1297,1045,1341,250969.97,delay_route,15_plus_days_late / cross_state,0.8057054741711642,1.0,0.07190531892933325,0.013485383292605665,191.02795090855656,853.9720490914434,50.40506937886958,cross_state,,15_plus_days_late
,,1414,3,1344,1038,0,296811.24,delay_route,unknown / cross_state,0.7723214285714286,0.0,0.07142365650588316,0.014219486931949599,197.95032075643795,840.0496792435621,49.74374568247367,cross_state,,unknown
,,1289,1289,1252,791,1289,245240.63,delay_route,4_7_days_late / cross_state,0.6317891373801917,1.0,0.05442785384985894,0.012962460152251084,184.40014999037226,606.5998500096277,39.56200386784854,cross_state,,4_7_days_late
unknown,,775,0,756,601,0,162591.95,category_route,unknown / unknown,0.794973544973545,,0.04135415949907108,0.007793566034130791,111.34705542549634,489.65294457450364,35.03404116432872,unknown,,
,,775,0,756,601,0,162591.95,seller_state_route,unknown / unknown,0.794973544973545,,0.04135415949907108,0.007793566034130791,111.34705542549634,489.65294457450364,35.03404116432872,unknown,unknown,
,,775,0,756,601,0,162591.95,delay_route,unknown / unknown,0.794973544973545,,0.04135415949907108,0.007793566034130791,111.34705542549634,489.65294457450364,35.03404116432872,unknown,,unknown
bed_bath_table,,5308,5222,5238,1028,613,743160.89,category_route,bed_bath_table / cross_state,0.19625811378388697,0.11738797395633857,0.0707355673295259,0.05337838517311773,771.4760268766532,256.52397312334676,34.965089237302465,cross_state,,
,,776,5,743,580,0,127637.5,delay_route,unknown / same_state,0.7806191117092867,0.0,0.03990917222872084,0.007803622248368379,109.43235738246531,470.5676426175347,34.14137052127525,same_state,,unknown
,,6880,6736,6829,969,454,1342451.69,seller_state_route,PR / cross_state,0.14189486015522038,0.06739904988123516,0.06667584118901809,0.06918675395460624,1005.8056104506805,-36.80561045068055,31.008511763558634,cross_state,PR,
computers_accessories,,4861,4757,4832,811,402,832828.5,category_route,computers_accessories / cross_state,0.16783940397350994,0.08450704225352113,0.055804032202573454,0.04888325740891584,711.6785341481459,99.3214658518541,28.80066901904767,cross_state,,
furniture_decor,,4096,3990,4060,744,394,624280.1,category_route,furniture_decor / cross_state,0.1832512315270936,0.0987468671679198,0.05119383472097984,0.04119025351716093,597.9749272850729,146.0250727149271,27.8434594825835,cross_state,,
health_beauty,,5626,5516,5587,791,566,1043987.93,category_route,health_beauty / cross_state,0.14157866475747272,0.10261058738216099,0.05442785384985894,0.05657626130067075,822.8783051087937,-31.87830510879371,27.15951074556595,cross_state,,
,,6318,6156,6268,804,383,1016522.06,seller_state_route,MG / cross_state,0.12827058072750477,0.06221572449642625,0.05532236977912337,0.06353516155308173,923.1790256706496,-119.1790256706496,26.782365316046665,cross_state,MG,
sports_leisure,,5043,4925,5011,706,429,810075.63,category_route,sports_leisure / cross_state,0.14089004190780283,0.08710659898477158,0.04857909585082227,0.050713488400156874,738.0424533560346,-32.04245335603457,25.19273138662021,cross_state,,
watches_gifts,,3676,3588,3640,590,354,892583.99,category_route,watches_gifts / cross_state,0.1620879120879121,0.09866220735785954,0.0405972614050781,0.036966643537373924,536.115452048686,53.88454795131395,23.22600663496893,cross_state,,
unknown,SP,953,555,943,397,44,152766.05,category_state,unknown / SP,0.4209968186638388,0.07927927927927927,0.027317140301383058,0.009583572168421477,138.88925035217335,258.11074964782665,22.792781278100072,,,
bed_bath_table,SP,4385,4317,4345,598,220,559685.61,category_state,bed_bath_table / SP,0.1376294591484465,0.05096131572851517,0.0411477327461639,0.04409649943182389,639.9509997669069,-41.950999766906875,22.489886898681558,,,
,,352,352,350,268,352,60043.63,delay_route,8_14_days_late / same_state,0.7657142857142857,1.0,0.01844078992637446,0.0035397874116310174,51.54956269698904,216.45043730301097,20.493089404788787,same_state,,8_14_days_late
,,530,530,521,296,530,79746.22,delay_route,4_7_days_late / same_state,0.5681381957773513,1.0,0.020367439620174774,0.005329793545921702,76.73520618608941,219.2647938139106,20.311995565628088,same_state,,4_7_days_late
bed_bath_table,,4042,3984,4009,518,196,506645.97,category_route,bed_bath_table / same_state,0.12920927912197555,0.04919678714859438,0.03564301933530586,0.04064721794833117,590.4634195777974,-72.46341957779737,20.162736025835102,same_state,,
housewares,,3475,3388,3451,485,252,516622.41,category_route,housewares / cross_state,0.1405389742103738,0.0743801652892562,0.033372325053326914,0.03494534447561871,508.278688192312,-23.278688192312018,19.72595232595246,cross_state,,
,,3324,3235,3302,478,293,736301.92,seller_state_route,RJ / cross_state,0.14476075105996367,0.09057187017001546,0.03289066262987683,0.0334268561257429,486.3333029298795,-8.333302929879494,19.684976634567775,cross_state,RJ,
telephony,,2759,2684,2738,436,261,291867.96,category_route,telephony / cross_state,0.15924032140248356,0.09724292101341282,0.03000068808917636,0.027745095081505616,403.2648647553029,32.73513524469712,18.991837005248676,cross_state,,
,,3361,3305,3340,451,199,686111.45,seller_state_route,SC / cross_state,0.13502994011976047,0.06021180030257186,0.031032821853712242,0.03379893605253367,491.930112594124,-40.93011259412401,18.627310111231854,cross_state,SC,
auto,,2414,2354,2401,393,223,482309.32,category_route,auto / cross_state,0.16368179925031237,0.09473237043330501,0.027041904630840156,0.024275701169537717,353.6300001013449,39.369999898655124,17.8708592845293,cross_state,,
computers_accessories,SP,2673,2610,2662,398,140,397424.9,category_state,computers_accessories / SP,0.14951164537941397,0.05363984674329502,0.027385949219018785,0.026880260657073038,392.07124542681385,5.928754573186154,17.612763848985548,,,
,,1655,1655,1641,341,1655,278342.57,delay_route,1_3_days_late / cross_state,0.20780012187690433,1.0,0.023463840913782428,0.016643034563208335,241.69380681645436,99.30619318354564,17.303199171430084,cross_state,,1_3_days_late
bed_bath_table,RJ,1381,1345,1359,308,223,180688.74,category_state,bed_bath_table / RJ,0.22663723325974983,0.1657992565055762,0.02119314663180348,0.01388763186210919,200.15958772916605,107.84041227083395,16.563185742682045,,,
garden_tools,,2372,2315,2357,358,229,445187.68,category_route,garden_tools / cross_state,0.1518879932117098,0.09892008639308855,0.02463359251358976,0.023853340171559014,347.1494836480091,10.850516351990905,16.509579346566316,cross_state,,
furniture_decor,SP,2680,2621,2662,364,151,342624.95,category_state,furniture_decor / SP,0.13673929376408714,0.057611598626478445,0.025046446019404114,0.026950654156736156,392.07124542681385,-28.071245426813846,16.25689407776479,,,
health_beauty,SP,3767,3694,3741,387,262,519559.67,category_state,health_beauty / SP,0.10344827586206896,0.07092582566323768,0.026629051125025803,0.03788175903299444,550.9911829983886,-163.99118299838858,15.777907366972913,,,
baby,,1844,1801,1829,312,187,331424.14,category_route,baby / cross_state,0.17058501913613996,0.10383120488617435,0.021468382302346385,0.01854365905411249,269.3832862079799,42.61671379202011,15.545192295163561,cross_state,,
toys,,2477,2429,2457,334,211,390755.67,category_route,toys / cross_state,0.13593813593813595,0.08686702346644709,0.022982178490332347,0.02490924266650577,361.8779301328631,-27.877930132863128,15.352470986580963,cross_state,,
cool_stuff,,2497,2445,2474,333,184,528922.44,category_route,cool_stuff / cross_state,0.13459983831851252,0.0752556237218814,0.022913369572696622,0.02511036695125753,364.3817660352883,-31.381766035288308,15.286478165988933,cross_state,,
sports_leisure,SP,3283,3203,3263,351,184,440633.93,category_state,sports_leisure / SP,0.10756972111553785,0.05744614423977521,0.024151930090139682,0.03301455134200179,480.5892088007864,-129.58920880078642,14.951789926853044,,,
electronics,,1748,1726,1734,279,201,152646.92,category_route,electronics / cross_state,0.16089965397923875,0.11645422943221322,0.01919768802036744,0.01757826248730403,255.3912620473686,23.6087379526314,14.245785881270114,cross_state,,
housewares,SP,2756,2695,2737,306,164,330935.38,category_state,housewares / SP,0.11180124223602485,0.06085343228200371,0.021055528796532032,0.027714926438792854,403.1175802904543,-97.11758029045433,13.809777944468994,,,
furniture_decor,,2236,2200,2222,284,139,275709.42,category_route,furniture_decor / same_state,0.1278127812781278,0.06318181818181819,0.019541732608546067,0.02248569503524703,327.26608089345615,-43.26608089345615,13.60281952622803,same_state,,
health_beauty,,3176,3098,3150,312,209,398266.23,category_route,health_beauty / same_state,0.09904761904761905,0.06746287927695287,0.021468382302346385,0.03193853641857986,463.9460642729014,-151.94606427290142,13.569822267253272,same_state,,
watches_gifts,SP,2130,2085,2120,279,121,463598.09,category_state,watches_gifts / SP,0.13160377358490566,0.05803357314148681,0.01919768802036744,0.02141973632606269,312.24306547890507,-33.243065478905066,13.543155383929639,,,
perfumery,,2009,1966,2001,268,173,312772.4,category_route,perfumery / cross_state,0.13393303348325838,0.08799593082400814,0.01844078992637446,0.02020293440331453,294.7162141619288,-26.716214161928804,13.250690085410708,cross_state,,
computers_accessories,,1810,1756,1799,259,101,228250.13,category_route,computers_accessories / same_state,0.14396887159533073,0.057517084282460135,0.01782150966765293,0.018201747770034492,264.9647522625237,-5.964752262523689,13.198737977147216,same_state,,
sports_leisure,,2639,2567,2620,276,154,345925.51,category_route,sports_leisure / same_state,0.10534351145038168,0.05999220880405142,0.01899126126746026,0.026538349372995044,385.8852979031751,-109.88529790317511,12.723668050456926,same_state,,
watches_gifts,,1930,1889,1919,253,114,414048.97000000003,category_route,watches_gifts / same_state,0.13183949973944764,0.06034939121228163,0.017408656161838575,0.019408493478545067,282.6388880443485,-29.638888044348505,12.715798231109849,same_state,,
housewares,,2346,2292,2329,263,147,261144.95,category_route,housewares / same_state,0.11292400171747531,0.06413612565445026,0.01809674533819583,0.023591878601381722,343.02551863224994,-80.02551863224994,12.546983380268543,same_state,,
